EAN / UPC;Código Maestro;Código Producto;Código Completo (SKU);Marca;Descripción Maestra;Descripción Color;Coste;PVPR;PVPR - Dto1;Dto1;Dto2;Dto3;Dto. Equivalente;Cantidad mínima;Cantidad múltiplo;Cantidad por pack;Stock;Stock 15 días
8034033120505;06214400;06214400 091;06214400 091 S;ROLLERBLADE;RODILLERAS PRO;ANTRACITA/NEGRO;3,18;13,95;5,58;60,00;43,00;0,00;77,20;1;1;1;1;0
8034033120574;06214600;06214600 091;06214600 091 XL;ROLLERBLADE;CODERAS PRO;ANTRACITA/NEGRO;3,18;13,95;5,58;60,00;43,00;0,00;77,20;1;1;1;1;0
8034033119769;06228000;06228000 000;06228000 000;ROLLERBLADE;RODAMIENTOS TRAINING SG 9;NEUTRO;19,60;39,99;39,99;0,00;51,00;0,00;51,00;1;1;1;7;0
8034033172191;09210000;09210000;09210000 001 220;ROLLERBLADE;PLANTILLA ESPECIALIZADA (1PR) RB;;4,89;14,30;8,58;40,00;43,00;0,00;65,80;1;1;1;1;0
8034033172207;09210000;09210000;09210000 001 225;ROLLERBLADE;PLANTILLA ESPECIALIZADA (1PR) RB;;4,89;14,30;8,58;40,00;43,00;0,00;65,80;1;1;1;1;0
8050459444247;06228500;06228500 000;06228500 000;ROLLERBLADE;RODAMIENTOS ILQ-9 PRO (16PCS);NEUTRAL;34,30;69,99;69,99;0,00;51,00;0,00;51,00;1;1;1;10;0
8050459444254;06228600;06228600 000;06228600 000;ROLLERBLADE;RODAMIENTOS ILQ-7 PLUS (16PCS);NEUTRAL;19,60;39,99;39,99;0,00;51,00;0,00;51,00;1;1;1;10;0
8050459443387;06635200;06635200 100;06635200 100;ROLLERBLADE;RUEDAS HYDROGEN 125/85A (6PCS);NEGRO;63,70;129,99;129,99;0,00;51,00;0,00;51,00;1;1;1;2;0
8050459450828;06635400;06635400 100;06635400 100;ROLLERBLADE;RUEDAS HYDROGEN 110/85A (8PCS);NEGRO;58,80;119,99;119,99;0,00;51,00;0,00;51,00;1;1;1;10;0
8050459450835;06635500;06635500 100;06635500 100;ROLLERBLADE;RUEDAS HYDROGEN 100/85A (8PCS);NEGRO;53,90;109,99;109,99;0,00;51,00;0,00;51,00;1;1;1;10;0
8050459450859;06635700;06635700 100;06635700 100;ROLLERBLADE;RUEDAS HYDROGEN 84/85A (8PCS);NEGRO;46,55;94,99;94,99;0,00;51,00;0,00;51,00;1;1;1;5;0
8050459450866;06635800;06635800 100;06635800 100;ROLLERBLADE;RUEDAS HYDROGEN 80/85A (8PCS);NEGRO;44,10;89,99;89,99;0,00;51,00;0,00;51,00;1;1;1;10;0
8050459457599;067H0200;067H0200 100;067H0200 100 M;ROLLERBLADE;CASCO STRIDE HELMET;NEGRO;22,05;44,99;44,99;0,00;51,00;0,00;51,00;1;1;1;20;0
8050459460957;067H0200;067H0200 100;067H0200 100 L;ROLLERBLADE;CASCO STRIDE HELMET;NEGRO;22,05;44,99;44,99;0,00;51,00;0,00;51,00;1;1;1;20;0
8050459460964;067H0200;067H0200 101;067H0200 101 L;ROLLERBLADE;CASCO STRIDE HELMET;BLANCO;22,05;44,99;44,99;0,00;51,00;0,00;51,00;1;1;1;20;0
8050459457612;067H0200;067H0200 101;067H0200 101 M;ROLLERBLADE;CASCO STRIDE HELMET;BLANCO;22,05;44,99;44,99;0,00;51,00;0,00;51,00;1;1;1;20;0
8050459461022;067H0300;067H0300 800;067H0300 800 L;ROLLERBLADE;CASCO DOWNTOWN HELMET;NEGRO/AMARILLO;19,60;39,99;39,99;0,00;51,00;0,00;51,00;1;1;1;20;0
8050459461015;067H0300;067H0300 800;067H0300 800 S;ROLLERBLADE;CASCO DOWNTOWN HELMET;NEGRO/AMARILLO;19,60;39,99;39,99;0,00;51,00;0,00;51,00;1;1;1;20;0
8050459457636;067H0300;067H0300 800;067H0300 800 M;ROLLERBLADE;CASCO DOWNTOWN HELMET;NEGRO/AMARILLO;19,60;39,99;39,99;0,00;51,00;0,00;51,00;1;1;1;20;0
8050459461046;067H0300;067H0300 849;067H0300 849 L;ROLLERBLADE;CASCO DOWNTOWN HELMET;BLANCO/NEGRO;19,60;39,99;39,99;0,00;51,00;0,00;51,00;1;1;1;20;0
8050459461039;067H0300;067H0300 849;067H0300 849 S;ROLLERBLADE;CASCO DOWNTOWN HELMET;BLANCO/NEGRO;19,60;39,99;39,99;0,00;51,00;0,00;51,00;1;1;1;11;0
8050459457650;067H0300;067H0300 849;067H0300 849 M;ROLLERBLADE;CASCO DOWNTOWN HELMET;BLANCO/NEGRO;19,60;39,99;39,99;0,00;51,00;0,00;51,00;1;1;1;20;0
8050459443479;067P0200;067P0200 100;067P0200 100 S;ROLLERBLADE;PROTECCIONES X-GEAR WRISTGUARD;NEGRO;9,80;19,99;19,99;0,00;51,00;0,00;51,00;1;1;1;20;0
8050459444650;067P0200;067P0200 100;067P0200 100 XL;ROLLERBLADE;PROTECCIONES X-GEAR WRISTGUARD;NEGRO;9,80;19,99;19,99;0,00;51,00;0,00;51,00;1;1;1;20;0
8050459443486;067P0200;067P0200 100;067P0200 100 M;ROLLERBLADE;PROTECCIONES X-GEAR WRISTGUARD;NEGRO;9,80;19,99;19,99;0,00;51,00;0,00;51,00;1;1;1;20;0
8050459444643;067P0200;067P0200 100;067P0200 100 L;ROLLERBLADE;PROTECCIONES X-GEAR WRISTGUARD;NEGRO;9,80;19,99;19,99;0,00;51,00;0,00;51,00;1;1;1;20;0
8050459443547;067P0400;067P0400 100;067P0400 100 S;ROLLERBLADE;PROTECCIONES X-GEAR W WRISTGUARD;NEGRO;9,80;19,99;19,99;0,00;51,00;0,00;51,00;1;1;1;1;0
8050459444681;067P0400;067P0400 100;067P0400 100 M;ROLLERBLADE;PROTECCIONES X-GEAR W WRISTGUARD;NEGRO;9,80;19,99;19,99;0,00;51,00;0,00;51,00;1;1;1;20;0
8050459444698;067P0400;067P0400 100;067P0400 100 L;ROLLERBLADE;PROTECCIONES X-GEAR W WRISTGUARD;NEGRO;9,80;19,99;19,99;0,00;51,00;0,00;51,00;1;1;1;20;0
8050459443707;067V0100;067V0100 001;067V0100 001 1;ROLLERBLADE;GUIAS BLANK FRAME (1PR);NEUTRAL;18,79;54,95;32,97;40,00;43,00;0,00;65,80;1;1;1;1;0
8050459429022;067W0200;067W0200 944;067W0200 944;ROLLERBLADE;GUIAS 3WD MARATHON PACK (1PR);NEGRO/ORO;127,40;259,99;259,99;0,00;51,00;0,00;51,00;1;1;1;9;0
8050459443301;06R71500;06R71500 100;06R71500 100;ROLLERBLADE;RIÑONERA;NEGRO;8,53;24,95;14,97;40,00;43,00;0,00;65,80;1;1;1;6;0
8050459866858;06619000;06619000 9C2;06619000 9C2;ROLLERBLADE;RUEDAS HYDROGEN PRO 90MM XX-FIRM (8);WHITE/BLUE;99,59;165,99;165,99;0,00;40,00;0,00;40,00;1;1;1;10;0
8050459866865;06619100;06619100 6R8;06619100 6R8;ROLLERBLADE;RUEDAS HYDROGEN PRO 90MM X-FIRM (8);WHITE/GREEN;99,59;165,99;165,99;0,00;40,00;0,00;40,00;1;1;1;10;0
8050459534146;07850900;07850900 100;07850900 100 250;ROLLERBLADE;PATINES POWERBLADE PRO 125;NEGRO;367,48;749,95;749,95;0,00;51,00;0,00;51,00;1;1;1;0;0
8050459534115;07850900;07850900 100;07850900 100 235;ROLLERBLADE;PATINES POWERBLADE PRO 125;NEGRO;367,48;749,95;749,95;0,00;51,00;0,00;51,00;1;1;1;0;0
8050459534122;07850900;07850900 100;07850900 100 240;ROLLERBLADE;PATINES POWERBLADE PRO 125;NEGRO;367,48;749,95;749,95;0,00;51,00;0,00;51,00;1;1;1;0;0
8050459534108;07850900;07850900 100;07850900 100 230;ROLLERBLADE;PATINES POWERBLADE PRO 125;NEGRO;367,48;749,95;749,95;0,00;51,00;0,00;51,00;1;1;1;0;0
8050459534238;07850900;07850900 100;07850900 100 295;ROLLERBLADE;PATINES POWERBLADE PRO 125;NEGRO;367,48;749,95;749,95;0,00;51,00;0,00;51,00;1;1;1;1;0
8050459534221;07850900;07850900 100;07850900 100 290;ROLLERBLADE;PATINES POWERBLADE PRO 125;NEGRO;367,48;749,95;749,95;0,00;51,00;0,00;51,00;1;1;1;1;0
8050459528718;06844500;06844500 000;06844500 000;ROLLERBLADE;RUEDAS HYDROGEN STREET 60/92A (4PCS);NEUTRAL;29,40;59,99;59,99;0,00;51,00;0,00;51,00;1;1;1;10;0
8050459531503;068P0500;068P0500 100;068P0500 100 XL;ROLLERBLADE;PROTECCIONES PACK EVO GEAR 3;NEGRO;17,15;34,99;34,99;0,00;51,00;0,00;51,00;1;1;1;20;0
8050459531497;068P0500;068P0500 100;068P0500 100 L;ROLLERBLADE;PROTECCIONES PACK EVO GEAR 3;NEGRO;17,15;34,99;34,99;0,00;51,00;0,00;51,00;1;1;1;20;0
8050459531473;068P0500;068P0500 100;068P0500 100 S;ROLLERBLADE;PROTECCIONES PACK EVO GEAR 3;NEGRO;17,15;34,99;34,99;0,00;51,00;0,00;51,00;1;1;1;20;0
8050459531480;068P0500;068P0500 100;068P0500 100 M;ROLLERBLADE;PROTECCIONES PACK EVO GEAR 3;NEGRO;17,15;34,99;34,99;0,00;51,00;0,00;51,00;1;1;1;20;0
8050459531541;068P0600;068P0600 100;068P0600 100 XL;ROLLERBLADE;MUÑEQUERA EVO GEAR;NEGRO;9,80;19,99;19,99;0,00;51,00;0,00;51,00;1;1;1;20;0
8050459531527;068P0600;068P0600 100;068P0600 100 M;ROLLERBLADE;MUÑEQUERA EVO GEAR;NEGRO;9,80;19,99;19,99;0,00;51,00;0,00;51,00;1;1;1;5;0
8050459531510;068P0600;068P0600 100;068P0600 100 S;ROLLERBLADE;MUÑEQUERA EVO GEAR;NEGRO;9,80;19,99;19,99;0,00;51,00;0,00;51,00;1;1;1;13;0
8050459531534;068P0600;068P0600 100;068P0600 100 L;ROLLERBLADE;MUÑEQUERA EVO GEAR;NEGRO;9,80;19,99;19,99;0,00;51,00;0,00;51,00;1;1;1;20;0
8050459531558;068P0700;068P0700 100;068P0700 100 XXS;ROLLERBLADE;PROTECCIONES PACK EVO GEAR JUNIOR 3;NEGRO;19,60;39,99;39,99;0,00;51,00;0,00;51,00;1;1;1;19;0
8050459531565;068P0700;068P0700 100;068P0700 100 XS;ROLLERBLADE;PROTECCIONES PACK EVO GEAR JUNIOR 3;NEGRO;19,60;39,99;39,99;0,00;51,00;0,00;51,00;1;1;1;8;0
8050459544923;09210900;09210900 100;09210900 100;ROLLERBLADE;PLANTILLAS SIZE REDUCER CYCLONE (1PR);NEGRO;3,39;9,90;5,94;40,00;43,00;0,00;65,80;1;1;1;2;0
8050459637496;06R90100;06R90100 394;06R90100 394;ROLLERBLADE;MOCHILA URBAN COMMUTER;ANTRACITA;44,10;89,99;89,99;0,00;51,00;0,00;51,00;1;1;1;7;0
8050459637557;069P0100;069P0100 100;069P0100 100 XL;ROLLERBLADE;PROTECCIONES SKATE GEAR 3 PACK;NEGRO;14,70;29,99;29,99;0,00;51,00;0,00;51,00;1;1;1;20;0
8050459637526;069P0100;069P0100 100;069P0100 100 S;ROLLERBLADE;PROTECCIONES SKATE GEAR 3 PACK;NEGRO;14,70;29,99;29,99;0,00;51,00;0,00;51,00;1;1;1;20;0
8050459637540;069P0100;069P0100 100;069P0100 100 L;ROLLERBLADE;PROTECCIONES SKATE GEAR 3 PACK;NEGRO;14,70;29,99;29,99;0,00;51,00;0,00;51,00;1;1;1;20;0
8050459637533;069P0100;069P0100 100;069P0100 100 M;ROLLERBLADE;PROTECCIONES SKATE GEAR 3 PACK;NEGRO;14,70;29,99;29,99;0,00;51,00;0,00;51,00;1;1;1;20;0
8050459637601;069P0300;069P0300 7Y9;069P0300 7Y9 XXS;ROLLERBLADE;PROTECCIONES SKATE GEAR JUNIOR 3 PACK;NEGRO/ROSADO;13,72;27,99;27,99;0,00;51,00;0,00;51,00;1;1;1;20;0
8050459637595;069P0300;069P0300 7Y9;069P0300 7Y9 XXXS;ROLLERBLADE;PROTECCIONES SKATE GEAR JUNIOR 3 PACK;NEGRO/ROSADO;13,72;27,99;27,99;0,00;51,00;0,00;51,00;1;1;1;20;0
8050459637618;069P0300;069P0300 7Y9;069P0300 7Y9 XS;ROLLERBLADE;PROTECCIONES SKATE GEAR JUNIOR 3 PACK;NEGRO/ROSADO;13,72;27,99;27,99;0,00;51,00;0,00;51,00;1;1;1;20;0
8050459637625;069P0400;069P0400 100;069P0400 100 S;ROLLERBLADE;MUÑEQUERAS SKATE GEAR;NEGRO;7,35;14,99;14,99;0,00;51,00;0,00;51,00;1;1;1;20;0
8050459637656;069P0400;069P0400 100;069P0400 100 XL;ROLLERBLADE;MUÑEQUERAS SKATE GEAR;NEGRO;7,35;14,99;14,99;0,00;51,00;0,00;51,00;1;1;1;20;0
8050459637632;069P0400;069P0400 100;069P0400 100 M;ROLLERBLADE;MUÑEQUERAS SKATE GEAR;NEGRO;7,35;14,99;14,99;0,00;51,00;0,00;51,00;1;1;1;20;0
8050459637649;069P0400;069P0400 100;069P0400 100 L;ROLLERBLADE;MUÑEQUERAS SKATE GEAR;NEGRO;7,35;14,99;14,99;0,00;51,00;0,00;51,00;1;1;1;20;0
8050459637663;069P0500;069P0500 219;069P0500 219 S;ROLLERBLADE;PROTECCIONES SKATE GEAR W 3 PACK;NEGRO/FRAMBUESA;14,70;29,99;29,99;0,00;51,00;0,00;51,00;1;1;1;20;0
8050459637687;069P0500;069P0500 219;069P0500 219 L;ROLLERBLADE;PROTECCIONES SKATE GEAR W 3 PACK;NEGRO/FRAMBUESA;14,70;29,99;29,99;0,00;51,00;0,00;51,00;1;1;1;20;0
8050459637670;069P0500;069P0500 219;069P0500 219 M;ROLLERBLADE;PROTECCIONES SKATE GEAR W 3 PACK;NEGRO/FRAMBUESA;14,70;29,99;29,99;0,00;51,00;0,00;51,00;1;1;1;20;0
8050459637694;069P0600;069P0600 100;069P0600 100 S;ROLLERBLADE;RODILLERAS SKATE GEAR;NEGRO;7,35;14,99;14,99;0,00;51,00;0,00;51,00;1;1;1;20;0
8050459647990;069P0600;069P0600 100;069P0600 100 XL;ROLLERBLADE;RODILLERAS SKATE GEAR;NEGRO;7,35;14,99;14,99;0,00;51,00;0,00;51,00;1;1;1;20;0
8050459637700;069P0600;069P0600 100;069P0600 100 M;ROLLERBLADE;RODILLERAS SKATE GEAR;NEGRO;7,35;14,99;14,99;0,00;51,00;0,00;51,00;1;1;1;20;0
8050459637717;069P0600;069P0600 100;069P0600 100 L;ROLLERBLADE;RODILLERAS SKATE GEAR;NEGRO;7,35;14,99;14,99;0,00;51,00;0,00;51,00;1;1;1;20;0
8050459637724;069P0700;069P0700 100;069P0700 100 S;ROLLERBLADE;CODERAS SKATE GEAR;NEGRO;7,35;14,99;14,99;0,00;51,00;0,00;51,00;1;1;1;20;0
8050459648003;069P0700;069P0700 100;069P0700 100 XL;ROLLERBLADE;CODERAS SKATE GEAR;NEGRO;7,35;14,99;14,99;0,00;51,00;0,00;51,00;1;1;1;19;0
8050459637731;069P0700;069P0700 100;069P0700 100 M;ROLLERBLADE;CODERAS SKATE GEAR;NEGRO;7,35;14,99;14,99;0,00;51,00;0,00;51,00;1;1;1;20;0
8050459637748;069P0700;069P0700 100;069P0700 100 L;ROLLERBLADE;CODERAS SKATE GEAR;NEGRO;7,35;14,99;14,99;0,00;51,00;0,00;51,00;1;1;1;7;0
8050459637786;06950100;06950100 100;06950100 100;ROLLERBLADE;RUEDAS HYDROGEN 110/85A (6PCS);NEGRO;44,10;89,99;89,99;0,00;51,00;0,00;51,00;1;1;1;10;0
8050459637892;06951200;06951200 000;06951200 000;ROLLERBLADE;RUEDAS 84/84A PACK+SG7+8MMSP (8PCS);NEUTRAL;29,40;59,99;59,99;0,00;51,00;0,00;51,00;1;1;1;0;0
8050459615364;07956000;07956000 7N8;07956000 7N8 235;ROLLERBLADE;PATINES MAXXUM EDGE 125 3WD;METAL GRIS/LIMA;123,10;359,95;215,97;40,00;43,00;0,00;65,80;1;1;1;1;0
8050459615524;07956100;07956100 746;07956100 746 230;ROLLERBLADE;PATINES MAXXUM EDGE 90;NARANJA/ZAFIRO;95,74;279,95;167,97;40,00;43,00;0,00;65,80;1;1;1;2;0
8050459616453;07957000;07957000 477;07957000 477 220;ROLLERBLADE;PATINES RB CRUISER;NEGRO/AZUL GRIS;51,28;149,95;89,97;40,00;43,00;0,00;65,80;1;1;1;6;0
8050459747003;07065200;07065200 787;07065200 787 220;ROLLERBLADE;PATINES RB DA;NEGRO/BLANCO;82,06;239,95;143,97;40,00;43,00;0,00;65,80;1;1;1;5;0
8050459741001;060H0100;060H0100 110;060H0100 110 M;ROLLERBLADE;CASCO RB JR HELMET (CE);;17,15;34,99;34,99;0,00;51,00;0,00;51,00;1;1;1;20;0
8050459740998;060H0100;060H0100 110;060H0100 110 S;ROLLERBLADE;CASCO RB JR HELMET (CE);;17,15;34,99;34,99;0,00;51,00;0,00;51,00;1;1;1;20;0
8050459741025;060H0100;060H0100 847;060H0100 847 M;ROLLERBLADE;CASCO RB JR HELMET (CE);;17,15;34,99;34,99;0,00;51,00;0,00;51,00;1;1;1;18;0
8050459741018;060H0100;060H0100 847;060H0100 847 S;ROLLERBLADE;CASCO RB JR HELMET (CE);;17,15;34,99;34,99;0,00;51,00;0,00;51,00;1;1;1;20;0
8050459740929;069P0200;069P0200 100;069P0200 100 XXXS;ROLLERBLADE;PROTECCIONES SKATE GEAR JUNIOR 3 PACK;;13,72;27,99;27,99;0,00;51,00;0,00;51,00;1;1;1;20;0
8050459740943;069P0200;069P0200 100;069P0200 100 XS;ROLLERBLADE;PROTECCIONES SKATE GEAR JUNIOR 3 PACK;;13,72;27,99;27,99;0,00;51,00;0,00;51,00;1;1;1;12;0
8050459740936;069P0200;069P0200 100;069P0200 100 XXS;ROLLERBLADE;PROTECCIONES SKATE GEAR JUNIOR 3 PACK;;13,72;27,99;27,99;0,00;51,00;0,00;51,00;1;1;1;20;0
8050459740981;06R00800;06R00800 100;06R00800 100;ROLLERBLADE;BOLSA URBAN COMMUTER LE 20;;51,85;139,95;90,97;35,00;43,00;0,00;62,95;1;1;1;5;0
8050459727289;07060100;07060100 100;07060100 100 290;ROLLERBLADE;PATINES E2 PRO 125;BLACK;245,00;499,99;499,99;0,00;51,00;0,00;51,00;1;1;1;2;0
8050459727265;07060100;07060100 100;07060100 100 280;ROLLERBLADE;PATINES E2 PRO 125;BLACK;245,00;499,99;499,99;0,00;51,00;0,00;51,00;1;1;1;0;0
8050459727296;07060100;07060100 100;07060100 100 295;ROLLERBLADE;PATINES E2 PRO 125;BLACK;245,00;499,99;499,99;0,00;51,00;0,00;51,00;1;1;1;0;0
8050459727258;07060100;07060100 100;07060100 100 275;ROLLERBLADE;PATINES E2 PRO 125;BLACK;245,00;499,99;499,99;0,00;51,00;0,00;51,00;1;1;1;0;0
8050459727197;07060100;07060100 100;07060100 100 245;ROLLERBLADE;PATINES E2 PRO 125;BLACK;245,00;499,99;499,99;0,00;51,00;0,00;51,00;1;1;1;1;0
8050459727173;07060100;07060100 100;07060100 100 235;ROLLERBLADE;PATINES E2 PRO 125;BLACK;245,00;499,99;499,99;0,00;51,00;0,00;51,00;1;1;1;1;0
8050459727166;07060100;07060100 100;07060100 100 230;ROLLERBLADE;PATINES E2 PRO 125;BLACK;245,00;499,99;499,99;0,00;51,00;0,00;51,00;1;1;1;0;0
8050459727203;07060100;07060100 100;07060100 100 250;ROLLERBLADE;PATINES E2 PRO 125;BLACK;245,00;499,99;499,99;0,00;51,00;0,00;51,00;1;1;1;4;0
8050459727234;07060100;07060100 100;07060100 100 265;ROLLERBLADE;PATINES E2 PRO 125;BLACK;245,00;499,99;499,99;0,00;51,00;0,00;51,00;1;1;1;0;0
8050459727241;07060100;07060100 100;07060100 100 270;ROLLERBLADE;PATINES E2 PRO 125;BLACK;245,00;499,99;499,99;0,00;51,00;0,00;51,00;1;1;1;0;0
8050459727210;07060100;07060100 100;07060100 100 255;ROLLERBLADE;PATINES E2 PRO 125;BLACK;245,00;499,99;499,99;0,00;51,00;0,00;51,00;1;1;1;5;0
8050459727364;07060200;07060200 100;07060200 100 240;ROLLERBLADE;PATINES E2 110;BLACK;205,80;419,99;419,99;0,00;51,00;0,00;51,00;1;1;1;1;0
8050459727470;07060200;07060200 100;07060200 100 295;ROLLERBLADE;PATINES E2 110;BLACK;205,80;419,99;419,99;0,00;51,00;0,00;51,00;1;1;1;0;0
8050459727449;07060200;07060200 100;07060200 100 280;ROLLERBLADE;PATINES E2 110;BLACK;205,80;419,99;419,99;0,00;51,00;0,00;51,00;1;1;1;0;0
8050459727487;07060200;07060200 100;07060200 100 300;ROLLERBLADE;PATINES E2 110;BLACK;205,80;419,99;419,99;0,00;51,00;0,00;51,00;1;1;1;1;0
8050459727432;07060200;07060200 100;07060200 100 275;ROLLERBLADE;PATINES E2 110;BLACK;205,80;419,99;419,99;0,00;51,00;0,00;51,00;1;1;1;0;0
8050459727500;07060200;07060200 100;07060200 100 310;ROLLERBLADE;PATINES E2 110;BLACK;205,80;419,99;419,99;0,00;51,00;0,00;51,00;1;1;1;0;0
8050459727494;07060200;07060200 100;07060200 100 305;ROLLERBLADE;PATINES E2 110;BLACK;205,80;419,99;419,99;0,00;51,00;0,00;51,00;1;1;1;1;0
8050459727456;07060200;07060200 100;07060200 100 285;ROLLERBLADE;PATINES E2 110;BLACK;205,80;419,99;419,99;0,00;51,00;0,00;51,00;1;1;1;1;0
8050459727357;07060200;07060200 100;07060200 100 235;ROLLERBLADE;PATINES E2 110;BLACK;205,80;419,99;419,99;0,00;51,00;0,00;51,00;1;1;1;0;0
8050459727425;07060200;07060200 100;07060200 100 270;ROLLERBLADE;PATINES E2 110;BLACK;205,80;419,99;419,99;0,00;51,00;0,00;51,00;1;1;1;0;0
8050459727371;07060200;07060200 100;07060200 100 245;ROLLERBLADE;PATINES E2 110;BLACK;205,80;419,99;419,99;0,00;51,00;0,00;51,00;1;1;1;1;0
8050459727395;07060200;07060200 100;07060200 100 255;ROLLERBLADE;PATINES E2 110;BLACK;205,80;419,99;419,99;0,00;51,00;0,00;51,00;1;1;1;0;0
8050459727418;07060200;07060200 100;07060200 100 265;ROLLERBLADE;PATINES E2 110;BLACK;205,80;419,99;419,99;0,00;51,00;0,00;51,00;1;1;1;0;0
8050459727401;07060200;07060200 100;07060200 100 260;ROLLERBLADE;PATINES E2 110;BLACK;205,80;419,99;419,99;0,00;51,00;0,00;51,00;1;1;1;0;0
8050459813159;07067100;07067100 7Y9;07067100 7Y9 210;ROLLERBLADE;PATINES FURY G;BLACK/PINK;44,10;89,99;89,99;0,00;51,00;0,00;51,00;1;1;1;0;0
8050459813142;07067100;07067100 7Y9;07067100 7Y9 185;ROLLERBLADE;PATINES FURY G;BLACK/PINK;44,10;89,99;89,99;0,00;51,00;0,00;51,00;1;1;1;15;0
8050459813166;07067100;07067100 7Y9;07067100 7Y9 230;ROLLERBLADE;PATINES FURY G;BLACK/PINK;44,10;89,99;89,99;0,00;51,00;0,00;51,00;1;1;1;0;0
8050459820577;07067000;07067000 787;07067000 787 230;ROLLERBLADE;PATINES FURY;BLACK/WHITE;44,10;89,99;89,99;0,00;51,00;0,00;51,00;1;1;1;0;0
8050459818475;07067000;07067000 787;07067000 787 185;ROLLERBLADE;PATINES FURY;BLACK/WHITE;44,10;89,99;89,99;0,00;51,00;0,00;51,00;1;1;1;15;0
8050459818482;07067000;07067000 787;07067000 787 210;ROLLERBLADE;PATINES FURY;BLACK/WHITE;44,10;89,99;89,99;0,00;51,00;0,00;51,00;1;1;1;15;0
8050459824292;07101600;07101600 U94;07101600 U94 290;ROLLERBLADE;PATINES RB PRO X;GREY/WARM RED;127,40;259,99;259,99;0,00;51,00;0,00;51,00;1;1;1;15;0
8050459824285;07101600;07101600 U94;07101600 U94 280;ROLLERBLADE;PATINES RB PRO X;GREY/WARM RED;127,40;259,99;259,99;0,00;51,00;0,00;51,00;1;1;1;13;0
8050459824322;07101600;07101600 U94;07101600 U94 320;ROLLERBLADE;PATINES RB PRO X;GREY/WARM RED;127,40;259,99;259,99;0,00;51,00;0,00;51,00;1;1;1;1;0
8050459824308;07101600;07101600 U94;07101600 U94 300;ROLLERBLADE;PATINES RB PRO X;GREY/WARM RED;127,40;259,99;259,99;0,00;51,00;0,00;51,00;1;1;1;2;0
8050459824315;07101600;07101600 U94;07101600 U94 310;ROLLERBLADE;PATINES RB PRO X;GREY/WARM RED;127,40;259,99;259,99;0,00;51,00;0,00;51,00;1;1;1;3;0
8050459824278;07101600;07101600 U94;07101600 U94 270;ROLLERBLADE;PATINES RB PRO X;GREY/WARM RED;127,40;259,99;259,99;0,00;51,00;0,00;51,00;1;1;1;15;0
8050459824230;07101600;07101600 U94;07101600 U94 230;ROLLERBLADE;PATINES RB PRO X;GREY/WARM RED;127,40;259,99;259,99;0,00;51,00;0,00;51,00;1;1;1;12;0
8050459824261;07101600;07101600 U94;07101600 U94 260;ROLLERBLADE;PATINES RB PRO X;GREY/WARM RED;127,40;259,99;259,99;0,00;51,00;0,00;51,00;1;1;1;15;0
8050459824223;07101600;07101600 U94;07101600 U94 220;ROLLERBLADE;PATINES RB PRO X;GREY/WARM RED;127,40;259,99;259,99;0,00;51,00;0,00;51,00;1;1;1;8;0
8050459824247;07101600;07101600 U94;07101600 U94 240;ROLLERBLADE;PATINES RB PRO X;GREY/WARM RED;127,40;259,99;259,99;0,00;51,00;0,00;51,00;1;1;1;15;0
8050459824254;07101600;07101600 U94;07101600 U94 250;ROLLERBLADE;PATINES RB PRO X;GREY/WARM RED;127,40;259,99;259,99;0,00;51,00;0,00;51,00;1;1;1;15;0
8050459824421;07102000;07102000 215;07102000 215 175;ROLLERBLADE;PATINES MICROBLADE SE;NEON YELLOW/BLACK;30,76;89,95;53,97;40,00;43,00;0,00;65,80;1;1;1;15;0
8050459824704;07102600;07102600 100;07102600 100 235;ROLLERBLADE;PATINES APEX;BLACK;68,60;139,99;139,99;0,00;51,00;0,00;51,00;1;1;1;8;0
8050459824698;07102600;07102600 100;07102600 100 210;ROLLERBLADE;PATINES APEX;BLACK;68,60;139,99;139,99;0,00;51,00;0,00;51,00;1;1;1;15;0
8050459824681;07102600;07102600 100;07102600 100 185;ROLLERBLADE;PATINES APEX;BLACK;68,60;139,99;139,99;0,00;51,00;0,00;51,00;1;1;1;15;0
8050459824728;07102700;07102700 T1C;07102700 T1C 210;ROLLERBLADE;PATINES APEX G;WHITE/PINK;68,60;139,99;139,99;0,00;51,00;0,00;51,00;1;1;1;15;0
8050459824735;07102700;07102700 T1C;07102700 T1C 235;ROLLERBLADE;PATINES APEX G;WHITE/PINK;68,60;139,99;139,99;0,00;51,00;0,00;51,00;1;1;1;15;0
8050459824711;07102700;07102700 T1C;07102700 T1C 185;ROLLERBLADE;PATINES APEX G;WHITE/PINK;68,60;139,99;139,99;0,00;51,00;0,00;51,00;1;1;1;15;0
8050459835519;07101500;07101500 215;07101500 215 270;ROLLERBLADE;PATINES RB CRUISER;BLACK/NEON YELLOW;98,00;199,99;199,99;0,00;51,00;0,00;51,00;1;1;1;15;0
8050459835564;07101500;07101500 215;07101500 215 320;ROLLERBLADE;PATINES RB CRUISER;BLACK/NEON YELLOW;98,00;199,99;199,99;0,00;51,00;0,00;51,00;1;1;1;1;0
8050459835526;07101500;07101500 215;07101500 215 280;ROLLERBLADE;PATINES RB CRUISER;BLACK/NEON YELLOW;98,00;199,99;199,99;0,00;51,00;0,00;51,00;1;1;1;15;0
8050459835533;07101500;07101500 215;07101500 215 290;ROLLERBLADE;PATINES RB CRUISER;BLACK/NEON YELLOW;98,00;199,99;199,99;0,00;51,00;0,00;51,00;1;1;1;15;0
8050459835557;07101500;07101500 215;07101500 215 310;ROLLERBLADE;PATINES RB CRUISER;BLACK/NEON YELLOW;98,00;199,99;199,99;0,00;51,00;0,00;51,00;1;1;1;0;0
8050459835502;07101500;07101500 215;07101500 215 260;ROLLERBLADE;PATINES RB CRUISER;BLACK/NEON YELLOW;98,00;199,99;199,99;0,00;51,00;0,00;51,00;1;1;1;12;0
8050459835465;07101500;07101500 215;07101500 215 220;ROLLERBLADE;PATINES RB CRUISER;BLACK/NEON YELLOW;98,00;199,99;199,99;0,00;51,00;0,00;51,00;1;1;1;6;0
8050459835496;07101500;07101500 215;07101500 215 250;ROLLERBLADE;PATINES RB CRUISER;BLACK/NEON YELLOW;98,00;199,99;199,99;0,00;51,00;0,00;51,00;1;1;1;15;0
8050459835458;07101500;07101500 215;07101500 215 210;ROLLERBLADE;PATINES RB CRUISER;BLACK/NEON YELLOW;98,00;199,99;199,99;0,00;51,00;0,00;51,00;1;1;1;1;0
8050459835472;07101500;07101500 215;07101500 215 230;ROLLERBLADE;PATINES RB CRUISER;BLACK/NEON YELLOW;98,00;199,99;199,99;0,00;51,00;0,00;51,00;1;1;1;9;0
8050459835540;07101500;07101500 215;07101500 215 300;ROLLERBLADE;PATINES RB CRUISER;BLACK/NEON YELLOW;98,00;199,99;199,99;0,00;51,00;0,00;51,00;1;1;1;9;0
8050459835489;07101500;07101500 215;07101500 215 240;ROLLERBLADE;PATINES RB CRUISER;BLACK/NEON YELLOW;98,00;199,99;199,99;0,00;51,00;0,00;51,00;1;1;1;12;0
8050459819021;06611000;06611000 9C2;06611000 9C2;ROLLERBLADE;RUEDAS HYDROGEN PRO 110MM XX-FIRM (8);WHITE/BLU;111,59;185,99;185,99;0,00;40,00;0,00;40,00;1;1;1;6;0
8050459837698;06R10000;06R10000 100;06R10000 100;ROLLERBLADE;BOLSA SKATE BAG;BLACK;14,70;29,99;29,99;0,00;51,00;0,00;51,00;1;1;1;20;0
8050459837704;06R10100;06R10100 100;06R10100 100;ROLLERBLADE;MOCHILA PRO BACKPACK LT 30;BLACK;39,20;79,99;79,99;0,00;51,00;0,00;51,00;1;1;1;3;0
8050459837728;061H0100;061H0100 100;061H0100 100 L;ROLLERBLADE;CASCO X-HELMET (CE);BLACK;31,85;64,99;64,99;0,00;51,00;0,00;51,00;1;1;1;20;0
8050459837711;061H0100;061H0100 100;061H0100 100 M;ROLLERBLADE;CASCO X-HELMET (CE);BLACK;31,85;64,99;64,99;0,00;51,00;0,00;51,00;1;1;1;18;0
8050459840650;06120000;06120000 101;06120000 101;ROLLERBLADE;RUEDAS MOONBEAMS LED WH.80/82A (4PCS);WHITE;14,70;29,99;29,99;0,00;51,00;0,00;51,00;1;1;1;10;0
8050459856552;07105000;07105000 9B7;07105000 9B7 260;ROLLERBLADE;PATINES RB CRUISER W;BLACK/AQUA;98,00;199,99;199,99;0,00;51,00;0,00;51,00;1;1;1;6;0
8050459856569;07105000;07105000 9B7;07105000 9B7 270;ROLLERBLADE;PATINES RB CRUISER W;BLACK/AQUA;98,00;199,99;199,99;0,00;51,00;0,00;51,00;1;1;1;8;0
8050459856545;07105000;07105000 9B7;07105000 9B7 250;ROLLERBLADE;PATINES RB CRUISER W;BLACK/AQUA;98,00;199,99;199,99;0,00;51,00;0,00;51,00;1;1;1;2;0
8050459856521;07105000;07105000 9B7;07105000 9B7 230;ROLLERBLADE;PATINES RB CRUISER W;BLACK/AQUA;98,00;199,99;199,99;0,00;51,00;0,00;51,00;1;1;1;0;0
8050459856514;07105000;07105000 9B7;07105000 9B7 220;ROLLERBLADE;PATINES RB CRUISER W;BLACK/AQUA;98,00;199,99;199,99;0,00;51,00;0,00;51,00;1;1;1;0;0
8050459856538;07105000;07105000 9B7;07105000 9B7 240;ROLLERBLADE;PATINES RB CRUISER W;BLACK/AQUA;98,00;199,99;199,99;0,00;51,00;0,00;51,00;1;1;1;8;0
8050459871623;06640000;06640000 2V8;06640000 2V8;ROLLERBLADE;RUEDAS HYDROGEN SPECTRE 80/85A (4PCS);SALMON;29,40;59,99;59,99;0,00;51,00;0,00;51,00;1;1;1;10;0
8050459871616;06640000;06640000 2R2;06640000 2R2;ROLLERBLADE;RUEDAS HYDROGEN SPECTRE 80/85A (4PCS);COOL GREY;29,40;59,99;59,99;0,00;51,00;0,00;51,00;1;1;1;8;0
8050459871630;06640000;06640000 3D8;06640000 3D8;ROLLERBLADE;RUEDAS HYDROGEN SPECTRE 80/85A (4PCS);AQUA;29,40;59,99;59,99;0,00;51,00;0,00;51,00;1;1;1;0;0
8050459871647;06640000;06640000 929;06640000 929;ROLLERBLADE;RUEDAS HYDROGEN SPECTRE 80/85A (4PCS);LILAC;29,40;59,99;59,99;0,00;51,00;0,00;51,00;1;1;1;0;0
8050459891973;06655600;06655600 100;06655600 100;ROLLERBLADE;RUEDAS 68/80A APEX (4PCS);BLACK;9,80;19,99;19,99;0,00;51,00;0,00;51,00;1;1;1;5;0
8050459891980;06655700;06655700 100;06655700 100;ROLLERBLADE;RUEDAS 72/80A APEX (4PCS);BLACK;9,80;19,99;19,99;0,00;51,00;0,00;51,00;1;1;1;5;0
8050459907186;06R20000;06R20000 100;06R20000 100;ROLLERBLADE;MOCHILA LT 20 ECO;BLACK;24,50;49,99;49,99;0,00;51,00;0,00;51,00;1;1;1;20;0
8050459898514;07061300;07061300 S25;07061300 S25 300;ROLLERBLADE;PATINES RB 110 3WD;BLACK/SAFFRON YELLOW;137,20;279,99;279,99;0,00;51,00;0,00;51,00;1;1;1;15;0
8050459898507;07061300;07061300 S25;07061300 S25 290;ROLLERBLADE;PATINES RB 110 3WD;BLACK/SAFFRON YELLOW;137,20;279,99;279,99;0,00;51,00;0,00;51,00;1;1;1;15;0
8050459898491;07061300;07061300 S25;07061300 S25 280;ROLLERBLADE;PATINES RB 110 3WD;BLACK/SAFFRON YELLOW;137,20;279,99;279,99;0,00;51,00;0,00;51,00;1;1;1;15;0
8050459898521;07061300;07061300 S25;07061300 S25 310;ROLLERBLADE;PATINES RB 110 3WD;BLACK/SAFFRON YELLOW;137,20;279,99;279,99;0,00;51,00;0,00;51,00;1;1;1;7;0
8050459898538;07061300;07061300 S25;07061300 S25 320;ROLLERBLADE;PATINES RB 110 3WD;BLACK/SAFFRON YELLOW;137,20;279,99;279,99;0,00;51,00;0,00;51,00;1;1;1;4;0
8050459898477;07061300;07061300 S25;07061300 S25 260;ROLLERBLADE;PATINES RB 110 3WD;BLACK/SAFFRON YELLOW;137,20;279,99;279,99;0,00;51,00;0,00;51,00;1;1;1;15;0
8050459898439;07061300;07061300 S25;07061300 S25 220;ROLLERBLADE;PATINES RB 110 3WD;BLACK/SAFFRON YELLOW;137,20;279,99;279,99;0,00;51,00;0,00;51,00;1;1;1;6;0
8050459898446;07061300;07061300 S25;07061300 S25 230;ROLLERBLADE;PATINES RB 110 3WD;BLACK/SAFFRON YELLOW;137,20;279,99;279,99;0,00;51,00;0,00;51,00;1;1;1;2;0
8050459898484;07061300;07061300 S25;07061300 S25 270;ROLLERBLADE;PATINES RB 110 3WD;BLACK/SAFFRON YELLOW;137,20;279,99;279,99;0,00;51,00;0,00;51,00;1;1;1;15;0
8050459898453;07061300;07061300 S25;07061300 S25 240;ROLLERBLADE;PATINES RB 110 3WD;BLACK/SAFFRON YELLOW;137,20;279,99;279,99;0,00;51,00;0,00;51,00;1;1;1;15;0
8050459898460;07061300;07061300 S25;07061300 S25 250;ROLLERBLADE;PATINES RB 110 3WD;BLACK/SAFFRON YELLOW;137,20;279,99;279,99;0,00;51,00;0,00;51,00;1;1;1;15;0
8050459899764;07220900;07220900 741;07220900 741 290;ROLLERBLADE;PATINES TWISTER 110;BLACK/RED;176,40;359,99;359,99;0,00;51,00;0,00;51,00;1;1;1;12;0
8050459899740;07220900;07220900 741;07220900 741 270;ROLLERBLADE;PATINES TWISTER 110;BLACK/RED;176,40;359,99;359,99;0,00;51,00;0,00;51,00;1;1;1;15;0
8050459899771;07220900;07220900 741;07220900 741 300;ROLLERBLADE;PATINES TWISTER 110;BLACK/RED;176,40;359,99;359,99;0,00;51,00;0,00;51,00;1;1;1;9;0
8050459899788;07220900;07220900 741;07220900 741 310;ROLLERBLADE;PATINES TWISTER 110;BLACK/RED;176,40;359,99;359,99;0,00;51,00;0,00;51,00;1;1;1;7;0
8050459899757;07220900;07220900 741;07220900 741 280;ROLLERBLADE;PATINES TWISTER 110;BLACK/RED;176,40;359,99;359,99;0,00;51,00;0,00;51,00;1;1;1;15;0
8050459899719;07220900;07220900 741;07220900 741 240;ROLLERBLADE;PATINES TWISTER 110;BLACK/RED;176,40;359,99;359,99;0,00;51,00;0,00;51,00;1;1;1;4;0
8050459899733;07220900;07220900 741;07220900 741 260;ROLLERBLADE;PATINES TWISTER 110;BLACK/RED;176,40;359,99;359,99;0,00;51,00;0,00;51,00;1;1;1;15;0
8050459899702;07220900;07220900 741;07220900 741 230;ROLLERBLADE;PATINES TWISTER 110;BLACK/RED;176,40;359,99;359,99;0,00;51,00;0,00;51,00;1;1;1;1;0
8050459899726;07220900;07220900 741;07220900 741 250;ROLLERBLADE;PATINES TWISTER 110;BLACK/RED;176,40;359,99;359,99;0,00;51,00;0,00;51,00;1;1;1;15;0
8050459899856;07221000;07221000 1A1;07221000 1A1 290;ROLLERBLADE;PATINES TWISTER XT;BLACK/LIME;166,60;339,99;339,99;0,00;51,00;0,00;51,00;1;1;1;6;0
8050459899849;07221000;07221000 1A1;07221000 1A1 280;ROLLERBLADE;PATINES TWISTER XT;BLACK/LIME;166,60;339,99;339,99;0,00;51,00;0,00;51,00;1;1;1;7;0
8050459899863;07221000;07221000 1A1;07221000 1A1 300;ROLLERBLADE;PATINES TWISTER XT;BLACK/LIME;166,60;339,99;339,99;0,00;51,00;0,00;51,00;1;1;1;7;0
8050459899870;07221000;07221000 1A1;07221000 1A1 310;ROLLERBLADE;PATINES TWISTER XT;BLACK/LIME;166,60;339,99;339,99;0,00;51,00;0,00;51,00;1;1;1;3;0
8050459899795;07221000;07221000 1A1;07221000 1A1 230;ROLLERBLADE;PATINES TWISTER XT;BLACK/LIME;166,60;339,99;339,99;0,00;51,00;0,00;51,00;1;1;1;0;0
8050459899832;07221000;07221000 1A1;07221000 1A1 270;ROLLERBLADE;PATINES TWISTER XT;BLACK/LIME;166,60;339,99;339,99;0,00;51,00;0,00;51,00;1;1;1;5;0
8050459899801;07221000;07221000 1A1;07221000 1A1 240;ROLLERBLADE;PATINES TWISTER XT;BLACK/LIME;166,60;339,99;339,99;0,00;51,00;0,00;51,00;1;1;1;4;0
8050459899825;07221000;07221000 1A1;07221000 1A1 260;ROLLERBLADE;PATINES TWISTER XT;BLACK/LIME;166,60;339,99;339,99;0,00;51,00;0,00;51,00;1;1;1;14;0
8050459899818;07221000;07221000 1A1;07221000 1A1 250;ROLLERBLADE;PATINES TWISTER XT;BLACK/LIME;166,60;339,99;339,99;0,00;51,00;0,00;51,00;1;1;1;2;0
8050459899900;07221100;07221100 2A2;07221100 2A2 250;ROLLERBLADE;PATINES TWISTER XT W;BLACK/MINT;166,60;339,99;339,99;0,00;51,00;0,00;51,00;1;1;1;15;0
8050459899917;07221100;07221100 2A2;07221100 2A2 260;ROLLERBLADE;PATINES TWISTER XT W;BLACK/MINT;166,60;339,99;339,99;0,00;51,00;0,00;51,00;1;1;1;15;0
8050459899924;07221100;07221100 2A2;07221100 2A2 270;ROLLERBLADE;PATINES TWISTER XT W;BLACK/MINT;166,60;339,99;339,99;0,00;51,00;0,00;51,00;1;1;1;0;0
8050459899894;07221100;07221100 2A2;07221100 2A2 240;ROLLERBLADE;PATINES TWISTER XT W;BLACK/MINT;166,60;339,99;339,99;0,00;51,00;0,00;51,00;1;1;1;13;0
8050459899887;07221100;07221100 2A2;07221100 2A2 230;ROLLERBLADE;PATINES TWISTER XT W;BLACK/MINT;166,60;339,99;339,99;0,00;51,00;0,00;51,00;1;1;1;4;0
8050459900293;07221400;07221400 1A1;07221400 1A1 235;ROLLERBLADE;PATINES APEX 3WD;BLACK/LIME;73,50;149,99;149,99;0,00;51,00;0,00;51,00;1;1;1;15;0
8050459900279;07221400;07221400 1A1;07221400 1A1 185;ROLLERBLADE;PATINES APEX 3WD;BLACK/LIME;73,50;149,99;149,99;0,00;51,00;0,00;51,00;1;1;1;15;0
8050459900286;07221400;07221400 1A1;07221400 1A1 210;ROLLERBLADE;PATINES APEX 3WD;BLACK/LIME;73,50;149,99;149,99;0,00;51,00;0,00;51,00;1;1;1;15;0
8050459907124;07222600;07222600 100;07222600 100 300;ROLLERBLADE;PATINES BLANK SK;BLACK;166,60;339,99;339,99;0,00;51,00;0,00;51,00;1;1;1;0;0
8050459907063;07222600;07222600 100;07222600 100 240;ROLLERBLADE;PATINES BLANK SK;BLACK;166,60;339,99;339,99;0,00;51,00;0,00;51,00;1;1;1;0;0
8050459907094;07222600;07222600 100;07222600 100 270;ROLLERBLADE;PATINES BLANK SK;BLACK;166,60;339,99;339,99;0,00;51,00;0,00;51,00;1;1;1;15;0
8050459907087;07222600;07222600 100;07222600 100 260;ROLLERBLADE;PATINES BLANK SK;BLACK;166,60;339,99;339,99;0,00;51,00;0,00;51,00;1;1;1;15;0
8050459907100;07222600;07222600 100;07222600 100 280;ROLLERBLADE;PATINES BLANK SK;BLACK;166,60;339,99;339,99;0,00;51,00;0,00;51,00;1;1;1;15;0
8050459907070;07222600;07222600 100;07222600 100 250;ROLLERBLADE;PATINES BLANK SK;BLACK;166,60;339,99;339,99;0,00;51,00;0,00;51,00;1;1;1;15;0
8050459928198;06640000;06640000 100;06640000 100;ROLLERBLADE;RUEDAS HYDROGEN SPECTRE 80/85A (4PCS);BLACK;29,40;59,99;59,99;0,00;51,00;0,00;51,00;1;1;1;0;0
8050459910117;067V0900;067V0900 100;067V0900 100;ROLLERBLADE;GUIAS 231 FRAME 3X84/4X76 (1PR);BLACK;29,40;59,99;59,99;0,00;51,00;0,00;51,00;1;1;1;3;0
8050459910124;067V1000;067V1000 100;067V1000 100;ROLLERBLADE;GUIAS 219 FRAME 3X80/4X72 (1PR);BLACK;29,40;59,99;59,99;0,00;51,00;0,00;51,00;1;1;1;0;0
8050459928242;067V2000;067V2000 100;067V2000 100;ROLLERBLADE;GUIAS 280 RB FRAME 4X90 (1PR);BLACK;58,80;119,99;119,99;0,00;51,00;0,00;51,00;1;1;1;3;0
8050459910230;069T2100;069T2100 100;069T2100 100 280;ROLLERBLADE;PLACAS BLANK;BLACK;29,40;59,99;59,99;0,00;51,00;0,00;51,00;1;1;1;1;0
8050459910223;069T2100;069T2100 100;069T2100 100 270;ROLLERBLADE;PLACAS BLANK;BLACK;29,40;59,99;59,99;0,00;51,00;0,00;51,00;1;1;1;2;0
8050459963045;069T2100;069T2100 100;069T2100 100 300;ROLLERBLADE;PLACAS BLANK;BLACK;29,40;59,99;59,99;0,00;51,00;0,00;51,00;1;1;1;0;0
8050459963021;069T2100;069T2100 100;069T2100 100 240;ROLLERBLADE;PLACAS BLANK;BLACK;29,40;59,99;59,99;0,00;51,00;0,00;51,00;1;1;1;0;0
8050459910216;069T2100;069T2100 100;069T2100 100 260;ROLLERBLADE;PLACAS BLANK;BLACK;29,40;59,99;59,99;0,00;51,00;0,00;51,00;1;1;1;0;0
8050459963038;069T2100;069T2100 100;069T2100 100 250;ROLLERBLADE;PLACAS BLANK;BLACK;29,40;59,99;59,99;0,00;51,00;0,00;51,00;1;1;1;0;0
8050459909821;07222000;07222000 110;07222000 110 250;ROLLERBLADE;PATINES RB PRO X W;BLACK/ROSE GOLD;127,40;259,99;259,99;0,00;51,00;0,00;51,00;1;1;1;15;0
8050459909838;07222000;07222000 110;07222000 110 260;ROLLERBLADE;PATINES RB PRO X W;BLACK/ROSE GOLD;127,40;259,99;259,99;0,00;51,00;0,00;51,00;1;1;1;2;0
8050459909845;07222000;07222000 110;07222000 110 270;ROLLERBLADE;PATINES RB PRO X W;BLACK/ROSE GOLD;127,40;259,99;259,99;0,00;51,00;0,00;51,00;1;1;1;4;0
8050459909791;07222000;07222000 110;07222000 110 220;ROLLERBLADE;PATINES RB PRO X W;BLACK/ROSE GOLD;127,40;259,99;259,99;0,00;51,00;0,00;51,00;1;1;1;6;0
8050459909814;07222000;07222000 110;07222000 110 240;ROLLERBLADE;PATINES RB PRO X W;BLACK/ROSE GOLD;127,40;259,99;259,99;0,00;51,00;0,00;51,00;1;1;1;1;0
8050459909807;07222000;07222000 110;07222000 110 230;ROLLERBLADE;PATINES RB PRO X W;BLACK/ROSE GOLD;127,40;259,99;259,99;0,00;51,00;0,00;51,00;1;1;1;10;0
8050459945201;06844500;06844500 101;06844500 101;ROLLERBLADE;RUEDAS HYDROGEN STREET 60/92A (4PCS);WHITE;29,40;59,99;59,99;0,00;51,00;0,00;51,00;1;1;1;0;0
8050459975390;07373100;07373100 A27;07373100 A27 290;ROLLERBLADE;PATINES BLANK TEAM;PIGEON;147,00;299,99;299,99;0,00;51,00;0,00;51,00;1;1;1;2;0
8050459975406;07373100;07373100 A27;07373100 A27 300;ROLLERBLADE;PATINES BLANK TEAM;PIGEON;147,00;299,99;299,99;0,00;51,00;0,00;51,00;1;1;1;0;0
8050459975383;07373100;07373100 A27;07373100 A27 280;ROLLERBLADE;PATINES BLANK TEAM;PIGEON;147,00;299,99;299,99;0,00;51,00;0,00;51,00;1;1;1;5;0
8050459975352;07373100;07373100 A27;07373100 A27 250;ROLLERBLADE;PATINES BLANK TEAM;PIGEON;147,00;299,99;299,99;0,00;51,00;0,00;51,00;1;1;1;1;0
8050459975345;07373100;07373100 A27;07373100 A27 240;ROLLERBLADE;PATINES BLANK TEAM;PIGEON;147,00;299,99;299,99;0,00;51,00;0,00;51,00;1;1;1;0;0
8050459975376;07373100;07373100 A27;07373100 A27 270;ROLLERBLADE;PATINES BLANK TEAM;PIGEON;147,00;299,99;299,99;0,00;51,00;0,00;51,00;1;1;1;0;0
8050459975369;07373100;07373100 A27;07373100 A27 260;ROLLERBLADE;PATINES BLANK TEAM;PIGEON;147,00;299,99;299,99;0,00;51,00;0,00;51,00;1;1;1;2;0
